episode,accumulated P/L,accumulated reward
1,3600.0000000002783,3600.0000000002783
