episode,accumulated P/L,accumulated reward
1,-4899.999999999949,-4899.999999999949
