episode,accumulated P/L,accumulated reward
1,-25499.99999999997,-25499.99999999997
