episode,accumulated P/L,accumulated reward
1,5109.999999999103,5109.999999999103
