episode,accumulated P/L,accumulated reward
1,12770.000000000295,12770.000000000295
