episode,accumulated P/L,accumulated reward
1,7100.000000000221,7100.000000000221
