episode,accumulated P/L,accumulated reward
1,-27730.000000000106,-27730.000000000106
