episode,accumulated P/L,accumulated reward
1,-20600.000000000022,-20600.000000000022
