episode,accumulated P/L,accumulated reward
1,6400.000000000289,6400.000000000289
