episode,accumulated P/L,accumulated reward
1,-8100.0000000001655,-8100.0000000001655
