episode,accumulated P/L,accumulated reward
1,9199.999999999878,9199.999999999878
