episode,accumulated P/L,accumulated reward
1,-5600.000000000307,-5600.000000000307
