episode,accumulated P/L,accumulated reward
1,3890.0000000005293,3890.0000000005293
