episode,accumulated P/L,accumulated reward
1,-12519.999999997677,-12519.999999997677
