episode,accumulated P/L,accumulated reward
1,699.9999999999318,699.9999999999318
