episode,accumulated P/L,accumulated reward
1,2100.0000000002215,2100.0000000002215
