episode,accumulated P/L,accumulated reward
1,-17100.000000001928,-17100.000000001928
