episode,accumulated P/L,accumulated reward
1,9760.000000000417,9760.000000000417
