episode,accumulated P/L,accumulated reward
1,-6999.999999999887,-6999.999999999887
