episode,accumulated P/L,accumulated reward
1,1699.9999999993056,1699.9999999993056
