episode,accumulated P/L,accumulated reward
1,7280.000000000515,7280.000000000515
