episode,accumulated P/L,accumulated reward
1,6050.000000000183,6050.000000000183
