episode,accumulated P/L,accumulated reward
1,-13000.000000000255,-13000.000000000255
