episode,accumulated P/L,accumulated reward
1,-30200.000000000247,-30200.000000000247
