episode,accumulated P/L,accumulated reward
1,-11769.999999999647,-11769.999999999647
