episode,accumulated P/L,accumulated reward
1,3029.999999999116,3029.999999999116
