episode,accumulated P/L,accumulated reward
1,5900.000000001029,5900.000000001029
