episode,accumulated P/L,accumulated reward
1,-2599.9999999990578,-2599.9999999990578
