episode,accumulated P/L,accumulated reward
1,4299.999999998647,4299.999999998647
