episode,accumulated P/L,accumulated reward
1,-25309.999999999636,-25309.999999999636
