episode,accumulated P/L,accumulated reward
1,12770.000000000578,12770.000000000578
