episode,accumulated P/L,accumulated reward
1,-5300.00000000001,-5300.00000000001
