episode,accumulated P/L,accumulated reward
1,-10389.999999999873,-10389.999999999873
