episode,accumulated P/L,accumulated reward
1,-25600.000000000022,-25600.000000000022
