episode,accumulated P/L,accumulated reward
1,5600.0000000003065,5600.0000000003065
