episode,accumulated P/L,accumulated reward
1,-10569.999999999738,-10569.999999999738
