episode,accumulated P/L,accumulated reward
1,-900.000000000322,-900.000000000322
