episode,accumulated P/L,accumulated reward
1,7700.000000000103,7700.000000000103
