episode,accumulated P/L,accumulated reward
1,10270.000000000295,10270.000000000295
