episode,accumulated P/L,accumulated reward
1,5459.999999999071,5459.999999999071
