episode,accumulated P/L,accumulated reward
1,12200.000000001275,12200.000000001275
