episode,accumulated P/L,accumulated reward
1,-399.9999999979284,-399.9999999979284
