episode,accumulated P/L,accumulated reward
1,-6910.000000001158,-6910.000000001158
