episode,accumulated P/L,accumulated reward
1,-26099.99999999985,-26099.99999999985
