episode,accumulated P/L,accumulated reward
1,21670.00000000044,21670.00000000044
