episode,accumulated P/L,accumulated reward
1,3399.999999998895,3399.999999998895
