episode,accumulated P/L,accumulated reward
1,-19699.99999999999,-19699.99999999999
