episode,accumulated P/L,accumulated reward
1,-34089.99999999907,-34089.99999999907
