episode,accumulated P/L,accumulated reward
1,-19660.00000000008,-19660.00000000008
